,id,title,authors,journal,year,doi
0,40944765,Quadriceps versus hamstrings autograft in anterior cruciate ligament reconstruction: a randomized control trial,"Yadav AK, Sharma A, Paul N, Bhakhar A, Sarkar B, Azam MQ.",Eur J Orthop Surg Traumatol,2025,10.1007/s00590-025-04510-2
1,40351242,A semitendinosus with adjustable button graft construct in patients undergoing hamstring ACL reconstruction results in improved knee flexor strength symmetry and less donor site pain and morbidity: Outcomes from the DOSTAR randomized controlled trial,"Lawless AM, Ebert JR, Edwards PK, Malik SS, Davies PSE, D'Alessandro PA.",Knee Surg Sports Traumatol Arthrosc,2026,10.1002/ksa.12698
2,39970465,The effect of neuromuscular electrical stimulation superimposed on quadriceps training on gait dynamics after anterior cruciate ligament reconstruction,"Li S, Lu B, Zhang Y, Liu J, Xu W, Li Q.",J Back Musculoskelet Rehabil,2025,10.1177/10538127241296376
3,39947195,Evaluation of the Application of BOth Sides Up Ball Training Combined With Resistance Training in Joint Stability Improvement Following Anterior Cruciate Ligament Reconstruction Surgery in Teenage Athletes,"Cao X, Liu J, Zhao J, Feng S, Zhao Z.",J Sport Rehabil,2025,10.1123/jsr.2024-0160
4,39855903,[Autologous hamstring versus quadriceps graft in anterior cruciate ligament plasty. Comparative study with focus on Return-To-Sport],"García-Linage R, Lassard-Rosenthal J, Noval-García R, Muñiz-Madrazo A, Fraind-Maya G, Palmero-Picazo J, German-Córdoba I, Zimbrón-López D.",Acta Ortop Mex,2025,
5,39810716,Kneeling tolerance when using quadriceps tendon autograft for anterior cruciate ligament reconstruction is superior to hamstring tendon autograft,"Calvert ND, Ebert JR, Radic R.",Knee Surg Sports Traumatol Arthrosc,2025,10.1002/ksa.12583
6,39385323,Which technique provides more benefits in return to sports and clinical outcomes after anterior cruciate ligament reconstruction: Double-bundle or single-bundle? A randomized controlled study,"Wang X, Xu Z, Song S, Mao Z, Huang X, Luo M, Zhou X, Xu B, Ye J, Song Y, Yu J.",Chin Med J (Engl),2025,10.1097/CM9.0000000000003267
7,38284303,A Prospective Randomized Controlled Trial Investigating Quadriceps Versus Hamstring Tendon Autograft in Anterior Cruciate Ligament Reconstruction,"Ebert JR, Calvert ND, Radic R.",Am J Sports Med,2024,10.1177/03635465231222279
8,37468645,A prospective randomized controlled study of hamstring and bone-free quadriceps tendons autografts in arthroscopic ACL reconstruction,"Tang N, Eren M, Gurpinar T, Ozturkmen Y.",Eur J Orthop Surg Traumatol,2024,10.1007/s00590-023-03636-5
9,36190389,Comparison of Quadriceps and Hamstring Muscle Strength after Exercises with and without Blood Flow Restriction following Anterior Cruciate Ligament Surgery: A Randomized Controlled Trial,"Vieira de Melo RF, Komatsu WR, Freitas MS, Vieira de Melo ME, Cohen M.",J Rehabil Med,2022,10.2340/jrm.v54.2550
10,36096886,"Effect of pulsed electromagnetic field as an intervention for patients with quadriceps weakness after anterior cruciate ligament reconstruction: a double-blinded, randomized-controlled trial","Ong MT, Man GC, Lau LC, He X, Qiu J, Wang Q, Chow MC, Choi BC, Yu M, Yung PS.",Trials,2022,10.1186/s13063-022-06674-2
11,35486517,Acute Anterior Cruciate Ligament Rupture: Repair or Reconstruction? Five-Year Results of a Randomized Controlled Clinical Trial,"Hoogeslag RAG, Huis In 't Veld R, Brouwer RW, de Graaff F, Verdonschot N.",Am J Sports Med,2022,10.1177/03635465221090527
12,35468330,Is contralateral autogenous patellar tendon graft a better choice than ipsilateral for anterior cruciate ligament reconstruction in young sportsmen? A randomized controlled trial,"de Souza Borges JH, Oliveira M, Junior PL, de Souza Machado R, Lima R, Ramos LA, Cohen M.",Knee,2022,10.1016/j.knee.2022.03.015
13,34814896,Quadriceps muscle strength recovery with the use of high tone power therapy after anterior cruciate ligament reconstruction: a randomized controlled trial,"Ogrodzka-Ciechanowicz K, Głąb G, Ślusarski J, Gądek A.",BMC Musculoskelet Disord,2021,10.1186/s12891-021-04862-w
14,34601649,In vivo knee rotational stability 2 years after the ACL reconstruction using a quadriceps tendon graft with bone block and bone-patellar tendon-bone graft,"Komzák M, Hart R, Náhlík D, Vysoký R.",Arch Orthop Trauma Surg,2022,10.1007/s00402-021-04195-2
15,34542671,Contralateral strength training attenuates muscle performance loss following anterior cruciate ligament (ACL) reconstruction: a randomised-controlled trial,"Minshull C, Gallacher P, Roberts S, Barnett A, Kuiper JH, Bailey A.",Eur J Appl Physiol,2021,10.1007/s00421-021-04812-3
16,34348704,Immediate and 6-week effects of wearing a knee sleeve following anterior cruciate ligament reconstruction: a cross-over laboratory and randomised clinical trial,"Sole G, Lamb P, Pataky T, Klima S, Navarre P, Hammer N.",BMC Musculoskelet Disord,2021,10.1186/s12891-021-04540-x
17,33970295,Anatomic single vs. double-bundle ACL reconstruction: a randomized clinical trial-Part 1: clinical outcomes,"Irrgang JJ, Tashman S, Patterson CG, Musahl V, West R, Oostdyk A, Galvin B, Poploski K, Fu FH.",Knee Surg Sports Traumatol Arthrosc,2021,10.1007/s00167-021-06585-w
18,33742222,"Quadriceps and hamstring tendon autografts in ACL reconstruction yield comparably good results in a prospective, randomized controlled trial","Horstmann H, Petri M, Tegtbur U, Felmet G, Krettek C, Jagodzinski M.",Arch Orthop Trauma Surg,2022,10.1007/s00402-021-03862-8
19,32699919,ACL reconstruction using a quadruple semitendinosus graft with cortical fixations gives suitable isokinetic and clinical outcomes after 2 years,"Roger J, Bertani A, Vigouroux F, Mottier F, Gaillard R, Have L, Rongièras F.",Knee Surg Sports Traumatol Arthrosc,2020,10.1007/s00167-020-06121-2
20,32589515,Females Have Earlier Muscle Strength and Functional Recovery After Bridge-Enhanced Anterior Cruciate Ligament Repair,"Barnett S, Badger GJ, Kiapour A, Yen YM, Henderson R, Freiberger C, Proffen B, Sant N, Trainor B, Fleming BC, Micheli LJ, Murray MM, Kramer DE.",Tissue Eng Part A,2020,10.1089/ten.tea.2020.0057
21,32504178,"Quadriceps tendon vs. patellar tendon autograft for ACL reconstruction using a hardware-free press-fit fixation technique: comparable stability, function and return-to-sport level but less donor site morbidity in athletes after 10 years","Barié A, Sprinckstub T, Huber J, Jaber A.",Arch Orthop Trauma Surg,2020,10.1007/s00402-020-03508-1
22,32152642,Impact of whey protein isolate and eccentric training on quadriceps mass and strength in patients with anterior cruciate ligament rupture: A randomized controlled trial,"Zhang X, Huang H, Yu Y, Yang J, Liang Z, Chang C.",J Rehabil Med,2020,10.2340/16501977-2664
23,32125668,Effects of Autograft Types on Muscle Strength and Functional Capacity in Patients Having Anterior Cruciate Ligament Reconstruction: A Randomized Controlled Trial,"Sinding KS, Nielsen TG, Hvid LG, Lind M, Dalgas U.",Sports Med,2020,10.1007/s40279-020-01276-x
24,31967599,Anterior cruciate ligament injuries treated with quadriceps tendon autograft versus hamstring autograft: A randomized controlled trial,"Vilchez-Cavazos F, Dávila-Martínez A, Garza-Castro S, Simental-Mendía M, Garay-Mendoza D, Tamez-Mata Y, Peña-Martínez V, Acosta-Olivo C.",Cir Cir,2020,10.24875/CIRU.19001001
25,31704697,Quadriceps tendon grafts does not cause patients to have inferior subjective outcome after anterior cruciate ligament (ACL) reconstruction than do hamstring grafts: a 2-year prospective randomised controlled trial,"Lind M, Nielsen TG, Soerensen OG, Mygind-Klavsen B, Faunø P.",Br J Sports Med,2020,10.1136/bjsports-2019-101000
26,31512448,[Effect of isokinetic training of thigh muscle group on graft remodeling after anterior cruciate ligament reconstruction],"Liu H, Lu W, Liang D, Geng H, Zhu W, Ouyang K, Li H, Peng L, Feng W, Zhong M, Chen K, Li Y, Deng Z, Wang D.",Zhongguo Xiu Fu Chong Jian Wai Ke Za Zhi,2019,10.7507/1002-1892.201902059
27,31351901,Isokinetic eccentric training is more effective than constant load eccentric training for quadriceps rehabilitation following anterior cruciate ligament reconstruction: a randomized controlled trial,"Vidmar MF, Baroni BM, Michelin AF, Mezzomo M, Lugokenski R, Pimentel GL, Silva MF.",Braz J Phys Ther,2020,10.1016/j.bjpt.2019.07.003
28,30822124,Acute Anterior Cruciate Ligament Rupture: Repair or Reconstruction? Two-Year Results of a Randomized Controlled Clinical Trial,"Hoogeslag RAG, Brouwer RW, Boer BC, de Vries AJ, Huis In 't Veld R.",Am J Sports Med,2019,10.1177/0363546519825878
29,30733025,Adductor Canal Nerve Versus Femoral Nerve Blockade for Pain Control and Quadriceps Function Following Anterior Cruciate Ligament Reconstruction With Patellar Tendon Autograft: A Prospective Randomized Trial,"Bailey L, Griffin J, Elliott M, Wu J, Papavasiliou T, Harner C, Lowe W.",Arthroscopy,2019,10.1016/j.arthro.2018.10.149
30,29959448,Cross-education improves quadriceps strength recovery after ACL reconstruction: a randomized controlled trial,"Harput G, Ulusoy B, Yildiz TI, Demirci S, Eraslan L, Turhan E, Tunay VB.",Knee Surg Sports Traumatol Arthrosc,2019,10.1007/s00167-018-5040-1
31,29776815,Strength recovery after anterior cruciate ligament reconstruction with quadriceps tendon versus hamstring tendon autografts in soccer players: A randomized controlled trial,"Martin-Alguacil JL, Arroyo-Morales M, Martín-Gomez JL, Monje-Cabrera IM, Abellán-Guillén JF, Esparza-Ros F, Lozano ML, Cantarero-Villanueva I.",Knee,2018,10.1016/j.knee.2018.03.011
32,28918506,Young athletes after ACL reconstruction with quadriceps strength asymmetry at the time of return-to-sport demonstrate decreased knee function 1 year later,"Ithurburn MP, Altenburger AR, Thomas S, Hewett TE, Paterno MV, Schmitt LC.",Knee Surg Sports Traumatol Arthrosc,2018,10.1007/s00167-017-4678-4
33,28840325,Tunnel widening after single- versus double-bundle anterior cruciate ligament reconstruction: a randomized 8-year follow-up study,"Beyaz S, Güler ÜÖ, Demir Ş, Yüksel S, Çınar BM, Özkoç G, Akpınar S.",Arch Orthop Trauma Surg,2017,10.1007/s00402-017-2774-z
34,28224443,Report of the Clinical and Functional Primary Outcomes in Men of the ACL-SPORTS Trial: Similar Outcomes in Men Receiving Secondary Prevention With and Without Perturbation Training 1 and 2 Years After ACL Reconstruction,"Arundale AJH, Cummer K, Capin JJ, Zarzycki R, Snyder-Mackler L.",Clin Orthop Relat Res,2017,10.1007/s11999-017-5280-2
35,26875887,The curative efficacy of arthroscopic therapy in treating anterior cruciate ligament rupture with secondary osteoarthritis,"Ouyang X, Hong SD, Xin F, Wang L, Yang XW, Wang JR, Wang Q, Cui WD, Zhang AJ, Zhao ZX.",Eur Rev Med Pharmacol Sci,2016,
36,26797700,Low- Versus High-Intensity Plyometric Exercise During Rehabilitation After Anterior Cruciate Ligament Reconstruction,"Chmielewski TL, George SZ, Tillman SM, Moser MW, Lentz TA, Indelicato PA, Trumble TN, Shuster JJ, Cicuttini FM, Leeuwenburgh C.",Am J Sports Med,2016,10.1177/0363546515620583
37,26231151,The effectiveness of Pilates for partial anterior cruciate ligament injury,"Çelik D, Turkel N.",Knee Surg Sports Traumatol Arthrosc,2017,10.1007/s00167-015-3718-1
38,25630275,A new technique in double-bundle anterior cruciate ligament reconstruction with implant-free tibial fixation,"Sacramento SN, Magalhães E, Christel P, Ingham S, Fukuda TY.",Knee Surg Sports Traumatol Arthrosc,2016,10.1007/s00167-014-3430-6
39,25536951,"The ""Lever Sign"": a new clinical test for the diagnosis of anterior cruciate ligament rupture","Lelli A, Di Turi RP, Spenciner DB, Dòmini M.",Knee Surg Sports Traumatol Arthrosc,2016,10.1007/s00167-014-3490-7
40,25381471,A comparison of acute and chronic anterior cruciate ligament reconstruction using LARS artificial ligaments: a randomized prospective study with a 5-year follow-up,"Chen J, Gu A, Jiang H, Zhang W, Yu X.",Arch Orthop Trauma Surg,2015,10.1007/s00402-014-2108-3
41,24630956,Is quadriceps tendon a better graft choice than patellar tendon? a prospective randomized study,"Lund B, Nielsen T, Faunø P, Christiansen SE, Lind M.",Arthroscopy,2014,10.1016/j.arthro.2014.01.012
42,24553686,[Ligament bracing--augmented primary suture repair in multiligamentous knee injuries],"Heitmann M, Gerau M, Hötzel J, Giannakos A, Frosch KH, Preiss A.",Oper Orthop Traumatol,2014,10.1007/s00064-013-0263-2
43,23793303,Prospective clinical comparisons of semitendinosus versus semitendinosus and gracilis tendon autografts for anatomic double-bundle anterior cruciate ligament reconstruction,"Inagaki Y, Kondo E, Kitamura N, Onodera J, Yagi T, Tanaka Y, Yasuda K.",J Orthop Sci,2013,10.1007/s00776-013-0427-9
44,23423316,Open kinetic chain exercises in a restricted range of motion after anterior cruciate ligament reconstruction: a randomized controlled clinical trial,"Fukuda TY, Fingerhut D, Moreira VC, Camarini PM, Scodeller NF, Duarte A Jr, Martinelli M, Bryk FF.",Am J Sports Med,2013,10.1177/0363546513476482
45,21663722,Anterior cruciate ligament reconstruction using patellar tendon versus hamstring tendon: a prospective comparative study with 9-year follow-up,"Wipfler B, Donner S, Zechmann CM, Springer J, Siebold R, Paessler HH.",Arthroscopy,2011,10.1016/j.arthro.2011.01.015
46,20401753,Anteromedial portal versus transtibial drilling techniques in ACL reconstruction: a blinded cross-sectional study at two- to five-year follow-up,"Alentorn-Geli E, Samitier G, Alvarez P, Steinbacher G, Cugat R.",Int Orthop,2010,10.1007/s00264-010-1000-1
47,20194956,Early versus late start of isokinetic hamstring-strengthening exercise after anterior cruciate ligament reconstruction with patellar tendon graft,"Sekir U, Gur H, Akova B.",Am J Sports Med,2010,10.1177/0363546509349490
48,19486478,Tibial translation and muscle activation during rehabilitation exercises 5 weeks after anterior cruciate ligament reconstruction,"Tagesson S, Oberg B, Kvist J.",Scand J Med Sci Sports,2010,10.1111/j.1600-0838.2009.00903.x
49,18989731,Comparable results between lateralized single- and double-bundle ACL reconstructions,"Tsuda E, Ishibashi Y, Fukuda A, Tsukada H, Toh S.",Clin Orthop Relat Res,2009,10.1007/s11999-008-0604-x
50,18196393,Anterior cruciate ligament reconstruction : quadriceps versus patellar autograft,"Han HS, Seong SC, Lee S, Lee MC.",Clin Orthop Relat Res,2008,10.1007/s11999-007-0015-4
51,17940146,A comprehensive rehabilitation program with quadriceps strengthening in closed versus open kinetic chain exercise in patients with anterior cruciate ligament deficiency: a randomized clinical trial evaluating dynamic tibial translation and muscle function,"Tagesson S, Oberg B, Good L, Kvist J.",Am J Sports Med,2008,10.1177/0363546507307867
52,17219226,Early versus late start of open kinetic chain quadriceps exercises after ACL reconstruction with patellar tendon or hamstring grafts: a prospective randomized outcome study,"Heijne A, Werner S.",Knee Surg Sports Traumatol Arthrosc,2007,10.1007/s00167-006-0246-z
53,15754231,[Meniscus replacement with quadriceps tendon--a long-term analysis],"Pressel T, V Lewinski G, Kohn D, Wirth CJ.",Z Orthop Ihre Grenzgeb,2005,10.1055/s-2005-836359
54,13679741,[Patellar tendon-bone autograft reconstruction of the anterior cruciate ligament for advanced-stage chronic anterior laxity: is an extra-articular plasty necessary? A prospective randomized study of 100 patients with five year follow-up],"Acquitter Y, Hulet C, Locker B, Delbarre JC, Jambou S, Vielpeau C.",Rev Chir Orthop Reparatrice Appar Mot,2003,
55,12860546,A randomized comparison of patellar tendon and hamstring tendon anterior cruciate ligament reconstruction,"Feller JA, Webster KE.",Am J Sports Med,2003,10.1177/03635465030310041501
56,12793556,Outcome after reconstruction of the anterior cruciate ligament in athletic patients. A comparison of early versus delayed surgery,"Meighan AA, Keating JF, Will E.",J Bone Joint Surg Br,2003,10.1302/0301-620x.85b4.13743
57,12121424,Range of motion training in brace vs. plaster immobilization after anterior cruciate ligament reconstruction: a prospective randomized comparison with a 2-year follow-up,"Henriksson M, Rockborn P, Good L.",Scand J Med Sci Sports,2002,10.1034/j.1600-0838.2002.120203.x
58,11912091,A prospective randomized comparison of patellar tendon versus semitendinosus and gracilis tendon autografts for anterior cruciate ligament reconstruction,"Shaieb MD, Kan DM, Chang SK, Marumoto JM, Richardson AB.",Am J Sports Med,2002,10.1177/03635465020300021201
59,11877607,Anterior cruciate ligament reconstruction using four-strand semitendinosus and gracilis tendon grafts and metal interference screw fixation,"Colombet P, Allard M, Bousquet V, de Lavigne C, Flurin PH, Lachaud C.",Arthroscopy,2002,10.1053/jars.2002.30637
60,11819015,The relationship between participation restrictions and selected clinical measures following anterior cruciate ligament reconstruction,"Ross MD, Irrgang JJ, Denegar CR, McCloy CM, Unangst ET.",Knee Surg Sports Traumatol Arthrosc,2002,10.1007/s001670100238
61,11685356,Early post-operative morbidity following anterior cruciate ligament reconstruction: patellar tendon versus hamstring graft,"Feller JA, Webster KE, Gavin B.",Knee Surg Sports Traumatol Arthrosc,2001,10.1007/s001670100216
62,11568194,Arthroscopically assisted reconstruction of the anterior cruciate ligament. A follow-up report,O'Neill DB.,J Bone Joint Surg Am,2001,10.2106/00004623-200109000-00006
63,11147151,Closed kinetic chain alone compared to combined open and closed kinetic chain exercises for quadriceps strengthening after anterior cruciate ligament reconstruction with respect to return to sports: a prospective matched follow-up study,"Mikkelsen C, Werner S, Eriksson E.",Knee Surg Sports Traumatol Arthrosc,2000,10.1007/s001670000143
64,11032219,Primary anterior cruciate ligament reconstruction using the contralateral autogenous patellar tendon,"Shelbourne KD, Urch SE.",Am J Sports Med,2000,10.1177/03635465000280050501
65,9917711,The effect of immediate weightbearing after anterior cruciate ligament reconstruction,"Tyler TF, McHugh MP, Gleim GW, Nicholas SJ.",Clin Orthop Relat Res,1998,10.1097/00003086-199812000-00019
66,9127846,Use of an extension-assisting brace following anterior cruciate ligament reconstruction,"Feller J, Bartlett J, Chapman S, Delahunt M.",Knee Surg Sports Traumatol Arthrosc,1997,10.1007/s001670050016
67,8947397,"The effect of tourniquet use in anterior cruciate ligament reconstruction. A prospective, randomized study","Arciero RA, Scoville CR, Hayda RA, Snyder RJ.",Am J Sports Med,1996,10.1177/036354659602400610
68,7827632,Anterior tibial translation during progressive loading of the ACL-deficient knee during weight-bearing and nonweight-bearing isometric exercise,"Yack HJ, Riley LM, Whieldon TR.",J Orthop Sports Phys Ther,1994,10.2519/jospt.1994.20.5.247
69,8047560,Comparison of the effects of exercise in water and on land on the rehabilitation of patients with intra-articular anterior cruciate ligament reconstructions,"Tovin BJ, Wolf SL, Greenfield BH, Crouse J, Woodfin BA.",Phys Ther,1994,10.1093/ptj/74.8.710
70,8300688,Over-the-top or tunnel reconstruction of the anterior cruciate ligament? A prospective randomised study of 54 patients,"Jonsson H, Elmqvist LG, Kärrholm J, Tegner Y.",J Bone Joint Surg Br,1994,
71,3355641,Arthroscopic reconstruction of the anterior cruciate ligament,"Gillquist J, Odensten M.",Arthroscopy,1988,10.1016/s0749-8063(88)80003-3
72,3896609,Surgical or conservative treatment of the acutely torn anterior cruciate ligament. A randomized study with short-term follow-up observations,"Odensten M, Hamberg P, Nordin M, Lysholm J, Gillquist J.",Clin Orthop Relat Res,1985,
0,https://www.embase.com/search/results?subaction=viewrecord&id=L647350222&from=export,A semitendinosus with adjustable button graft construct in patients undergoing hamstring ACL reconstruction results in improved knee flexor strength symmetry and less donor site pain and morbidity: Outcomes from the DOSTAR randomized controlled trial,"Lawless A.M., Ebert J.R., Edwards P.K., Malik S.S., Davies P.S.E., D'Alessandro P.A.","Knee surgery, sports traumatology, arthroscopy : official journal of the ESSKA (2026) 34:2 (484-493). Date of Publication: 1 Feb 2026",2026,10.1002/ksa.12698
1,https://www.embase.com/search/results?subaction=viewrecord&id=L2035801584&from=export,Five Weeks of Whole-body Vibration in Prehabilitation for Knee Function Following Anterior Cruciate Ligament Reconstruction: A Single-blinded Randomized Controlled Trial,"Qiu J., Ong M.T.-Y., Choi C.-Y., Cao M., Ko V.M.-C., He X., Fu S.-C., Fong D.T.P., Yung P.S.-H.",Sports Medicine - Open (2025) 11:1 Article Number: 98. Date of Publication: 1 Dec 2025,2025,10.1186/s40798-025-00901-1
2,https://www.embase.com/search/results?subaction=viewrecord&id=L2036109189&from=export,Quadriceps versus hamstrings autograft in anterior cruciate ligament reconstruction: a randomized control trial,"Yadav A.K., Sharma A., Paul N., Bhakhar A., Sarkar B., Azam M.Q.",European Journal of Orthopaedic Surgery and Traumatology (2025) 35:1 Article Number: 395. Date of Publication: 1 Dec 2025,2025,10.1007/s00590-025-04510-2
3,https://www.embase.com/search/results?subaction=viewrecord&id=L2040529555&from=export,Semitendinosus vs quadriceps tendon autograft in anterior cruciate ligament reconstruction (SEQUAR): protocol for a prospective randomized controlled trial,"Castellanos Dolk D., Sarakatsianos V., Wörner T., Östin M., Cristiani R., Kvist J., Stålman A.",BMC Musculoskeletal Disorders (2025) 26:1 Article Number: 951. Date of Publication: 1 Dec 2025,2025,10.1186/s12891-025-09183-w
4,https://www.embase.com/search/results?subaction=viewrecord&id=L646603496&from=export,Evaluation of the Application of BOth Sides Up Ball Training Combined With Resistance Training in Joint Stability Improvement Following Anterior Cruciate Ligament Reconstruction Surgery in Teenage Athletes,"Cao X., Liu J., Zhao J., Feng S., Zhao Z.",Journal of sport rehabilitation (2025) 34:7 (733-739). Date of Publication: 1 Sep 2025,2025,10.1123/jsr.2024-0160
5,https://www.embase.com/search/results?subaction=viewrecord&id=LNCT07145606&from=export,Effects of Early Rehabilitation Using Blood Flow Restriction and/or Surface Electromyography Biofeedback on Quadriceps Activation and Strength After Anterior Cruciate Ligament Reconstruction: A Multicenter Randomized Controlled Trial,,clinicaltrials.gov (2025). Date of Publication: 21 Aug 2025,2025,
6,https://www.embase.com/search/results?subaction=viewrecord&id=L2036280159&from=export,Similar results with quadrupled semitendinosus and semitendinosus-gracilis graft in anterior cruciate ligament reconstruction: A randomised controlled trial with 2-year follow-up,"Martinez-Cano J.P., Gallego A., Cuadros J., Ibarra L., Mejía F.M., Velasquez-Hammerle M.V., Martinez-Rondanelli A.",Journal of Experimental Orthopaedics (2025) 12:3 Article Number: e70399. Date of Publication: 1 Jul 2025,2025,10.1002/jeo2.70399
7,https://www.embase.com/search/results?subaction=viewrecord&id=L2040075838&from=export,Impact of early versus delayed rehabilitation protocols on lower limb strength symmetry after hamstring tendon autograft ACL reconstruction,"Kadivar Y., Katariya C., Merja H.",International Journal of Life Sciences Biotechnology and Pharma Research (2025) 14:7 (1656-1660). Date of Publication: 1 Jul 2025,2025,10.69605/ijlbpr_14.7.2025.278
8,https://www.embase.com/search/results?subaction=viewrecord&id=L646302121&from=export,Kneeling tolerance when using quadriceps tendon autograft for anterior cruciate ligament reconstruction is superior to hamstring tendon autograft,"Calvert N.D., Ebert J.R., Radic R.","Knee surgery, sports traumatology, arthroscopy : official journal of the ESSKA (2025) 33:7 (2390-2396). Date of Publication: 1 Jul 2025",2025,10.1002/ksa.12583
9,https://www.embase.com/search/results?subaction=viewrecord&id=LNCT07040384&from=export,Knee Extensors Activation Device Versus Rolled Towel for Early Quadriceps Activation After ACL Reconstruction: Protocol for a Randomized Controlled Trial,,clinicaltrials.gov (2025). Date of Publication: 18 Jun 2025,2025,
10,https://www.embase.com/search/results?subaction=viewrecord&id=L647612001&from=export,The addition of lateral extra-articular augmentation procedures to bone-tendon-bone or quadriceps autograft anterior cruciate ligament reconstruction does not negatively affect physical or psychological readiness for return to sport at 6 and 9 months,"LaPrade C.M., Carey E.G., Gachigi K.K., Erbe M., Gabriel C., Riboh J.C.","Knee surgery, sports traumatology, arthroscopy : official journal of the ESSKA (2025). Date of Publication: 1 Jun 2025",2025,10.1002/ksa.12710
11,https://www.embase.com/search/results?subaction=viewrecord&id=LNCT06980285&from=export,ACL Reconstruction With Quadriceps Tendon Graft vs. Quadrupled Semitendinosus Graft: A Comparison of Patients From the Danish National ACL Reconstruction Database,,clinicaltrials.gov (2025). Date of Publication: 12 May 2025,2025,
12,https://www.embase.com/search/results?subaction=viewrecord&id=L2034922817&from=export,"Anterior Cruciate Ligament Reconstruction Augmentation With Bone Marrow Aspirate Concentrate, Demineralized Bone Matrix, and Suture Tape Shows No Difference in Outcomes—But Faster Functional Recovery—Versus Non-augmented Anterior Cruciate Ligament Reconstruction","Lavender C.D., Schaver A.L., Taylor S., Peluso R., Berdis G., Singh V., Cipriani K., Lycans D., Jasko J., Hewett T.E.",Arthroscopy - Journal of Arthroscopic and Related Surgery (2025) 41:5 (1496-1508). Date of Publication: 1 May 2025,2025,10.1016/j.arthro.2024.06.042
13,https://www.embase.com/search/results?subaction=viewrecord&id=LNCT06831279&from=export,Comparison of Two Different Rehabilitation Approaches Applied After Anterior Cruciate Ligament Reconstruction,,clinicaltrials.gov (2025). Date of Publication: 9 Jan 2025,2025,
14,https://www.embase.com/search/results?subaction=viewrecord&id=L2039489736&from=export,"The effect of exercise rehabilitation on bone mineral density, muscle strength, and physical function outcomes in ACL ruptures: A randomized controlled clinical trial","Yue W., Ruilan D., Yunan Z., Wenqiang Y., Shuang R., Xi G., Yingfang A.",Sports Medicine and Health Science (2025). Date of Publication: 2025,2025,10.1016/j.smhs.2025.03.002
15,https://www.embase.com/search/results?subaction=viewrecord&id=LNCT06755398&from=export,"The Effect of Cognitive-Based Neuromuscular Exercises on Reaction Time, Joint Position Sense, Proprioceptive Force Sense and Balance in Individuals Who Had Anterior Cruciate Ligament Surgery",,clinicaltrials.gov (2024). Date of Publication: 18 Dec 2024,2024,
16,https://www.embase.com/search/results?subaction=viewrecord&id=L2029372496&from=export,"Vitamin D as an intervention for improving quadriceps muscle strength in patients after anterior cruciate ligament reconstruction: study protocol for a randomized double-blinded, placebo-controlled clinical trial","Ong M.T.-Y., Lu X., Choi B.C.-Y., Wan S.-W., Wang Q., Man G.C.-W., Lui P.P.-Y., Fong D.T.-P., Mok D.K.-W., Yung P.S.-H.",Trials (2024) 25:1 Article Number: 251. Date of Publication: 1 Dec 2024,2024,10.1186/s13063-024-08094-w
17,https://www.embase.com/search/results?subaction=viewrecord&id=LNCT06727344&from=export,"Comparison of Conservative Treatment With Blood Flow Restriction With Standard Management in Total ACL Rupture. ""Randomized Clinical Trial""",,clinicaltrials.gov (2024). Date of Publication: 30 Nov 2024,2024,
18,https://www.embase.com/search/results?subaction=viewrecord&id=L2031849110&from=export,"Effectiveness of In-Home, Augmented Reality–Based Telerehabilitation After Anterior Cruciate Ligament Reconstruction: A Randomized Controlled Trial","Lim J.Y., Yu H.J., Kim S.H., Lee J.I., Lim J.-Y., Wang J.H., Hwang J.H.",Orthopaedic Journal of Sports Medicine (2024) 12:10. Date of Publication: 1 Oct 2024,2024,10.1177/23259671241271729
19,https://www.embase.com/search/results?subaction=viewrecord&id=L2031142545&from=export,IMPACT OF NEUROMUSCULAR ELECTRICAL STIMULATION (NMES) COMBINED WITH THERAPEUTIC EXERCISE ON POSTOPERATIVE ACL REHABILITATION,"Khan A.M., Tariq S., Kamran M., Sadiq A., Adnan H., Qazi Z.N., Khan M.",Journal of Population Therapeutics and Clinical Pharmacology (2024) 31:9 (645-651). Date of Publication: 2 Sep 2024,2024,10.53555/yqb1tm68
20,https://www.embase.com/search/results?subaction=viewrecord&id=LNCT06430775&from=export,Exploring Prolonged Arthrogenic Muscle Responses and Associated Factors After Anterior Cruciate Ligament Reconstruction,,clinicaltrials.gov (2024). Date of Publication: 17 May 2024,2024,
21,https://www.embase.com/search/results?subaction=viewrecord&id=L643379605&from=export,A Prospective Randomized Controlled Trial Investigating Quadriceps Versus Hamstring Tendon Autograft in Anterior Cruciate Ligament Reconstruction,"Ebert J.R., Calvert N.D., Radic R.",The American journal of sports medicine (2024) 52:3 (660-669). Date of Publication: 1 Mar 2024,2024,10.1177/03635465231222279
22,https://www.embase.com/search/results?subaction=viewrecord&id=L2024539214&from=export,A prospective randomized controlled study of hamstring and bone-free quadriceps tendons autografts in arthroscopic ACL reconstruction,"Tang N., Eren M., Gurpinar T., Ozturkmen Y.",European Journal of Orthopaedic Surgery and Traumatology (2024) 34:1 (293-301). Date of Publication: 1 Jan 2024,2024,10.1007/s00590-023-03636-5
23,https://www.embase.com/search/results?subaction=viewrecord&id=L2030479259&from=export,Transcutaneous Electrical Nerve Stimulation Provides Early Recovery from Arthrogenic Muscle Inhibition Post-Anterior Cruciate Ligament Reconstruction,"Khan F.A., Kushwaha S., Vakharia K., Kumar J., BhaVani P., Sinha S.",Journal of Arthroscopy and Joint Surgery (2024) 11:1 (22-27). Date of Publication: 1 Jan 2024,2024,10.4103/jajs.jajs_137_22
24,https://www.embase.com/search/results?subaction=viewrecord&id=L2035070509&from=export,Which technique provides more benefits in return to sports and clinical outcomes after anterior cruciate ligament reconstruction: Double-bundle or single-bundle? A randomized controlled study,"Wang X., Xu Z., Song S., Mao Z., Huang X., Luo M., Zhou X., Xu B., Ye J., Song Y., Yu J.",Chinese Medical Journal (2024) Article Number: e03267. Date of Publication: 2024,2024,10.1097/CM9.0000000000003267
25,https://www.embase.com/search/results?subaction=viewrecord&id=LNCT06189573&from=export,"Reconstruction of the Anterior Cruciated Ligament With Quadriceps Tendon Graft With Bone Plug vs Bone Patellar Tendon Bone Graft, a Randomized Clinical Controlled Essay With 2 Years of Follow up",,clinicaltrials.gov (2023). Date of Publication: 2 Dec 2023,2023,
26,https://www.embase.com/search/results?subaction=viewrecord&id=L2034905231&from=export,Functional Outcomes of Quadriceps Tendon versus Hamstring Tendon Autograft using Suspensory Fixation at Femoral and Tibial Sites for Primary Anterior Cruciate Ligament Reconstruction: A Randomised Controlled Study,"Khatri R.Y., Patil V., Kulkarni S., Naik S., Nandi S.",Journal of Clinical and Diagnostic Research (2023) 17:8 (RC17-RC21). Date of Publication: 1 Aug 2023,2023,10.7860/JCDR/2023/64284.18350
27,https://www.embase.com/search/results?subaction=viewrecord&id=LNCT05904158&from=export,Effects of Platelet-Rich Fibrin on Knee Muscle Strength and Function in Patients With Anterior Cruciate Ligament Reconstruction,,clinicaltrials.gov (2023). Date of Publication: 27 May 2023,2023,
28,https://www.embase.com/search/results?subaction=viewrecord&id=LNCT05876013&from=export,Reduced Knee Flexion Strength 18 Years After ACL Reconstruction in Hamstring Group,,clinicaltrials.gov (2023). Date of Publication: 17 Apr 2023,2023,
29,https://www.embase.com/search/results?subaction=viewrecord&id=LNCT05673356&from=export,Anterior Cruciate Ligament Reconstruction With Quadriceps Tendon Bone Autograft,,clinicaltrials.gov (2023). Date of Publication: 4 Jan 2023,2023,
30,https://www.embase.com/search/results?subaction=viewrecord&id=L2019065221&from=export,"Effect of pulsed electromagnetic field as an intervention for patients with quadriceps weakness after anterior cruciate ligament reconstruction: a double-blinded, randomized-controlled trial","Ong M.T.-Y., Man G.C.-W., Lau L.C.-M., He X., Qiu J., Wang Q., Chow M.C.-S., Choi B.C.-Y., Yu M., Yung P.S.-H.",Trials (2022) 23:1 Article Number: 771. Date of Publication: 1 Dec 2022,2022,10.1186/s13063-022-06674-2
31,https://www.embase.com/search/results?subaction=viewrecord&id=LNCT05738200&from=export,Use of Nordic Hamstring Exercise to Improve Hamstrings Function in Patients After ACL Reconstruction,,clinicaltrials.gov (2022). Date of Publication: 2 Nov 2022,2022,
32,https://www.embase.com/search/results?subaction=viewrecord&id=L639177457&from=export,Comparison of Quadriceps and Hamstring Muscle Strength after Exercises with and without Blood Flow Restriction following Anterior Cruciate Ligament Surgery: A Randomized Controlled Trial,"Vieira de Melo R.F., Komatsu W.R., Freitas M.S., Vieira de Melo M.E., Cohen M.",Journal of rehabilitation medicine (2022) 54 (jrm00337). Date of Publication: 1 Nov 2022,2022,10.2340/jrm.v54.2550
33,https://www.embase.com/search/results?subaction=viewrecord&id=LNCT05580133&from=export,All-Inside Single-Bundle for ACL Reconstruction With Full Thickness of the Peroneus Longus Tendon Compared to the Six-strand-hamstring Autograft,,clinicaltrials.gov (2022). Date of Publication: 27 Sep 2022,2022,
34,https://www.embase.com/search/results?subaction=viewrecord&id=LNCT05489627&from=export,Medial Collateral Ligament Reconstruction With Anteromedial Reinforcement for Medial and Anteromedial Rotatory Knee Instability,,clinicaltrials.gov (2022). Date of Publication: 3 Aug 2022,2022,
35,https://www.embase.com/search/results?subaction=viewrecord&id=LNCT05461326&from=export,All Soft Tissue Quadriceps Tendon Autograft Versus Patellar Tendon Autograft in Anterior Cruciate Ligament Reconstruction: a Randomized Controlled Trial,,clinicaltrials.gov (2022). Date of Publication: 28 Jun 2022,2022,
36,https://www.embase.com/search/results?subaction=viewrecord&id=LNCT05481918&from=export,Normalization of Gait After ACL Reconstruction: A Comparative Study Between Home-based Versus Standardized Therapy,,clinicaltrials.gov (2022). Date of Publication: 20 Jun 2022,2022,
37,https://www.embase.com/search/results?subaction=viewrecord&id=LNCT05426954&from=export,Blood Flow Restrictive Training Following Medial Patellofemoral Ligament and Anterior Cruciate Ligament Reconstruction Rehabilitation,,clinicaltrials.gov (2022). Date of Publication: 2 Jun 2022,2022,
38,https://www.embase.com/search/results?subaction=viewrecord&id=L2017793356&from=export,Is contralateral autogenous patellar tendon graft a better choice than ipsilateral for anterior cruciate ligament reconstruction in young sportsmen? A randomized controlled trial,"de Souza Borges J.H., Oliveira M., Junior P.L., de Souza Machado R., Lima R., Ramos L.A., Cohen M.",Knee (2022) 36 (33-43). Date of Publication: 1 Jun 2022,2022,10.1016/j.knee.2022.03.015
39,https://www.embase.com/search/results?subaction=viewrecord&id=L637902920&from=export,Acute Anterior Cruciate Ligament Rupture: Repair or Reconstruction? Five-Year Results of a Randomized Controlled Clinical Trial,"Hoogeslag R.A.G., Huis In 't Veld R., Brouwer R.W., de Graaff F., Verdonschot N.",The American journal of sports medicine (2022) 50:7 (1779-1787). Date of Publication: 1 Jun 2022,2022,10.1177/03635465221090527
40,https://www.embase.com/search/results?subaction=viewrecord&id=L2015647047&from=export,Unilateral Versus Bilateral Resistance Exercise in Postoperative Rehabilitation After ACL Reconstruction With Bone–Patellar Tendon–Bone Graft: A Randomized Controlled Trial,"Oliveira M., Júnior P.L., Imoto A.M., Santos T., Borges J.H.S., Nunes P., Barin F.R., Damando M., Peccin M.S.",Orthopaedic Journal of Sports Medicine (2022) 10:4. Date of Publication: 18 Apr 2022,2022,10.1177/23259671221088830
41,https://www.embase.com/search/results?subaction=viewrecord&id=LNCT05342441&from=export,Optimizing GRAft SElection for ACL Reconstruction (GRASE-ACL Trial) - a Three-armed Randomized Controlled Trial,,clinicaltrials.gov (2022). Date of Publication: 4 Apr 2022,2022,
42,https://www.embase.com/search/results?subaction=viewrecord&id=L2010853895&from=export,"Quadriceps and hamstring tendon autografts in ACL reconstruction yield comparably good results in a prospective, randomized controlled trial","Horstmann H., Petri M., Tegtbur U., Felmet G., Krettek C., Jagodzinski M.",Archives of Orthopaedic and Trauma Surgery (2022) 142:2 (281-289). Date of Publication: 1 Feb 2022,2022,10.1007/s00402-021-03862-8
43,https://www.embase.com/search/results?subaction=viewrecord&id=L2015021899&from=export,Psychological Readiness to Return to Sport at 6 Months Is Higher After Bridge-Enhanced ACL Restoration Than Autograft ACL Reconstruction: Results of a Prospective Randomized Clinical Trial,"Sanborn R.M., Badger G.J., Yen Y.-M., Murray M.M., Christino M.A., Proffen B., Sant N., Barnett S., Fleming B.C., Kramer D.E., Micheli L.J.",Orthopaedic Journal of Sports Medicine (2022) 10:2. Date of Publication: 1 Feb 2022,2022,10.1177/23259671211070542
44,https://www.embase.com/search/results?subaction=viewrecord&id=L2022163339&from=export,Determining Early Morbidity After The Reconstruction Of Anterior Cruciate Ligament: Hamstring Tendon Vs Patellar Tendon Autograft,"Sohu D.M., Hussain F., Jatoi Z.A., Bhatti S.H., Chandio M.S., Keerio N.H.",Journal of Pharmaceutical Negative Results (2022) 13 (9034-9040). Date of Publication: 2022,2022,10.47750/pnr.2022.13.S09.1056
45,https://www.embase.com/search/results?subaction=viewrecord&id=LNCT05180123&from=export,Clinical and MRI Evaluation of ACL Reconstruction Results in Adolescents With Follow-up at Least 3 Years.,,clinicaltrials.gov (2021). Date of Publication: 17 Dec 2021,2021,
46,https://www.embase.com/search/results?subaction=viewrecord&id=L2013376220&from=export,Immediate and 6-week effects of wearing a knee sleeve following anterior cruciate ligament reconstruction: a cross-over laboratory and randomised clinical trial,"Sole G., Lamb P., Pataky T., Klima S., Navarre P., Hammer N.",BMC Musculoskeletal Disorders (2021) 22:1 Article Number: 655. Date of Publication: 1 Dec 2021,2021,10.1186/s12891-021-04540-x
47,https://www.embase.com/search/results?subaction=viewrecord&id=L2014280556&from=export,Quadriceps muscle strength recovery with the use of high tone power therapy after anterior cruciate ligament reconstruction: a randomized controlled trial,"Ogrodzka-Ciechanowicz K., Głąb G., Ślusarski J., Gądek A.",BMC Musculoskeletal Disorders (2021) 22:1 Article Number: 975. Date of Publication: 1 Dec 2021,2021,10.1186/s12891-021-04862-w
48,https://www.embase.com/search/results?subaction=viewrecord&id=L636185080&from=export,Contralateral strength training attenuates muscle performance loss following anterior cruciate ligament (ACL) reconstruction: a randomised-controlled trial,"Minshull C., Gallacher P., Roberts S., Barnett A., Kuiper J.H., Bailey A.",European journal of applied physiology (2021) 121:12 (3551-3559). Date of Publication: 1 Dec 2021,2021,10.1007/s00421-021-04812-3
49,https://www.embase.com/search/results?subaction=viewrecord&id=LNCT05184023&from=export,"A Double-Blinded, Randomized-Controlled-Trial to Investigate the Effect of Pulsed Electromagnetic Field (PEMF) for Patients With Quadriceps Weakness After Anterior Cruciate Ligament Reconstruction (ACLR)",,clinicaltrials.gov (2021). Date of Publication: 23 Nov 2021,2021,
50,https://www.embase.com/search/results?subaction=viewrecord&id=L635005770&from=export,Anatomic single vs. double-bundle ACL reconstruction: a randomized clinical trial-Part 1: clinical outcomes,"Irrgang J.J., Tashman S., Patterson C.G., Musahl V., West R., Oostdyk A., Galvin B., Poploski K., Fu F.H.","Knee surgery, sports traumatology, arthroscopy : official journal of the ESSKA (2021) 29:8 (2665-2675). Date of Publication: 1 Aug 2021",2021,10.1007/s00167-021-06585-w
51,https://www.embase.com/search/results?subaction=viewrecord&id=LNCT04940169&from=export,Prospective Comparison Of Arthroscopic Anterior Cruciate Ligament Reconstrictions Made With Hamstring Tendon And Quadriceps Tendon Autografts,,clinicaltrials.gov (2021). Date of Publication: 11 Jun 2021,2021,
52,https://www.embase.com/search/results?subaction=viewrecord&id=LNCT04901559&from=export,Subjective Outcomes After ACL Reconstruction With BQT Autograft,,clinicaltrials.gov (2021). Date of Publication: 12 May 2021,2021,
53,https://www.embase.com/search/results?subaction=viewrecord&id=LNCT04677218&from=export,Comparison of Clinical Results of Adjustable Femoral Loop With Three Different Techniques in Patients Who Underwent Arthroscopic ACL Reconstruction With Hamstring Autograft: A Prospective Randomised Clinical Study,,clinicaltrials.gov (2020). Date of Publication: 17 Dec 2020,2020,
54,https://www.embase.com/search/results?subaction=viewrecord&id=L2005160315&from=export,"Quadriceps tendon vs. patellar tendon autograft for ACL reconstruction using a hardware-free press-fit fixation technique: comparable stability, function and return-to-sport level but less donor site morbidity in athletes after 10 years","Barié A., Sprinckstub T., Huber J., Jaber A.",Archives of Orthopaedic and Trauma Surgery (2020) 140:10 (1465-1474). Date of Publication: 1 Oct 2020,2020,10.1007/s00402-020-03508-1
55,https://www.embase.com/search/results?subaction=viewrecord&id=L628940077&from=export,Isokinetic eccentric training is more effective than constant load eccentric training for quadriceps rehabilitation following anterior cruciate ligament reconstruction: a randomized controlled trial,"Vidmar M.F., Baroni B.M., Michelin A.F., Mezzomo M., Lugokenski R., Pimentel G.L., Silva M.F.",Brazilian journal of physical therapy (2020) 24:5 (424-432). Date of Publication: 1 Sep 2020,2020,10.1016/j.bjpt.2019.07.003
56,https://www.embase.com/search/results?subaction=viewrecord&id=L632423976&from=export,ACL reconstruction using a quadruple semitendinosus graft with cortical fixations gives suitable isokinetic and clinical outcomes after 2 years,"Roger J., Bertani A., Vigouroux F., Mottier F., Gaillard R., Have L., Rongièras F.","Knee surgery, sports traumatology, arthroscopy : official journal of the ESSKA (2020) 28:8 (2468-2477). Date of Publication: 1 Aug 2020",2020,10.1007/s00167-020-06121-2
57,https://www.embase.com/search/results?subaction=viewrecord&id=LNCT04536246&from=export,Comparison of Functional Outcome Between Bone Quadriceps Tendon (BQT) and Single-Bundle Hamstring Tendon (SBHT) Autograft in Arthroscopic-assissted Anterior Cruciate Ligament Reconstruction: a Prospective Cohort Study,,clinicaltrials.gov (2020). Date of Publication: 16 Jul 2020,2020,
58,https://www.embase.com/search/results?subaction=viewrecord&id=L631154350&from=export,Effects of Autograft Types on Muscle Strength and Functional Capacity in Patients Having Anterior Cruciate Ligament Reconstruction: A Randomized Controlled Trial,"Sinding K.S., Nielsen T.G., Hvid L.G., Lind M., Dalgas U.","Sports medicine (Auckland, N.Z.) (2020) 50:7 (1393-1403). Date of Publication: 1 Jul 2020",2020,10.1007/s40279-020-01276-x
59,https://www.embase.com/search/results?subaction=viewrecord&id=LNCT04390035&from=export,Blood Flow Restriction Training in the Adolescent Patient: Effects on Muscle Strength and Overall Function Following Anterior Cruciate Ligament Reconstruction Surgery,,clinicaltrials.gov (2020). Date of Publication: 12 May 2020,2020,
60,https://www.embase.com/search/results?subaction=viewrecord&id=L631222232&from=export,Impact of whey protein isolate and eccentric training on quadriceps mass and strength in patients with anterior cruciate ligament rupture: A randomized controlled trial,"Zhang X., Huang H., Yu Y., Yang J., Liang Z., Chang C.",Journal of rehabilitation medicine (2020) 52:3 (jrm00035). Date of Publication: 31 Mar 2020,2020,10.2340/16501977-2664
61,https://www.embase.com/search/results?subaction=viewrecord&id=LNCT04360928&from=export,Postoperative ERIS Knee Splinting Following ACLR: A Randomized Clinical Trial,,clinicaltrials.gov (2020). Date of Publication: 6 Mar 2020,2020,
62,https://www.embase.com/search/results?subaction=viewrecord&id=LNCT04295148&from=export,SEQUAR - SEmitendinosus vs QUadriceps in Anterior Cruciate Ligament Reconstruction - a Prospective Randomized Study,,clinicaltrials.gov (2020). Date of Publication: 26 Feb 2020,2020,
63,https://www.embase.com/search/results?subaction=viewrecord&id=L629812714&from=export,Quadriceps tendon grafts does not cause patients to have inferior subjective outcome after anterior cruciate ligament (ACL) reconstruction than do hamstring grafts: a 2-year prospective randomised controlled trial,"Lind M., Nielsen T.G., Soerensen O.G., Mygind-Klavsen B., Faunø P.",British journal of sports medicine (2020) 54:3 (183-187). Date of Publication: 1 Feb 2020,2020,10.1136/bjsports-2019-101000
64,https://www.embase.com/search/results?subaction=viewrecord&id=L2004630915&from=export,Anterior cruciate ligament injuries treated with quadriceps tendon autograft versus hamstring autograft: A randomized controlled trial,"Vilchez-Cavazos F., Dávila-Martínez A., Garza-Castro S.D.L., Simental-Mendiá M., Garay-Mendoza D., Tamez-Mata Y., Penã-Martínez V., Acosta-Olivo C.",Cirugia y Cirujanos (English Edition) (2020) 88:1 (76-81). Date of Publication: 2020,2020,10.24875/CIRU.19001001
65,https://www.embase.com/search/results?subaction=viewrecord&id=L629304823&from=export,Effect of isokinetic training of thigh muscle group on graft remodeling after anterior cruciate ligament reconstruction,"Liu H., Lu W., Liang D., Geng H., Zhu W., Ouyang K., Li H., Peng L., Feng W., Zhong M., Chen K., Li Y., Deng Z., Wang D.",Zhongguo xiu fu chong jian wai ke za zhi = Zhongguo xiufu chongjian waike zazhi = Chinese journal of reparative and reconstructive surgery (2019) 33:9 (1088-1094). Date of Publication: 15 Sep 2019,2019,10.7507/1002-1892.201902059
66,https://www.embase.com/search/results?subaction=viewrecord&id=LNCT03896464&from=export,Soft-tissue Quadriceps Autograft ACL-reconstruction in the Skeletally-immature Vs. Hamstrings (SQuASH): a Multi-Centre Randomized Controlled Trial,,clinicaltrials.gov (2019). Date of Publication: 27 Mar 2019,2019,
67,https://www.embase.com/search/results?subaction=viewrecord&id=L2001531850&from=export,Adductor Canal Nerve Versus Femoral Nerve Blockade for Pain Control and Quadriceps Function Following Anterior Cruciate Ligament Reconstruction With Patellar Tendon Autograft: A Prospective Randomized Trial,"Bailey L., Griffin J., Elliott M., Wu J., Papavasiliou T., Harner C., Lowe W.",Arthroscopy - Journal of Arthroscopic and Related Surgery (2019) 35:3 (921-929). Date of Publication: 1 Mar 2019,2019,10.1016/j.arthro.2018.10.149
68,https://www.embase.com/search/results?subaction=viewrecord&id=L626618046&from=export,Acute Anterior Cruciate Ligament Rupture: Repair or Reconstruction? Two-Year Results of a Randomized Controlled Clinical Trial,"Hoogeslag R.A.G., Brouwer R.W., Boer B.C., de Vries A.J., Huis In 't Veld R.",The American journal of sports medicine (2019) 47:3 (567-577). Date of Publication: 1 Mar 2019,2019,10.1177/0363546519825878
69,https://www.embase.com/search/results?subaction=viewrecord&id=L626620899&from=export,Cross-education improves quadriceps strength recovery after ACL reconstruction: a randomized controlled trial,"Harput G., Ulusoy B., Yildiz T.I., Demirci S., Eraslan L., Turhan E., Tunay V.B.","Knee surgery, sports traumatology, arthroscopy : official journal of the ESSKA (2019) 27:1 (68-75). Date of Publication: 1 Jan 2019",2019,10.1007/s00167-018-5040-1
70,https://www.embase.com/search/results?subaction=viewrecord&id=LNCT03794570&from=export,Blood Flow Restriction Therapy to Prevent Muscle Atrophy Following Anterior Cruciate Ligament Reconstruction,,clinicaltrials.gov (2018). Date of Publication: 20 Dec 2018,2018,
71,https://www.embase.com/search/results?subaction=viewrecord&id=L624184736&from=export,"Quadriceps Strength Deficits After a Femoral Nerve Block Versus Adductor Canal Block for Anterior Cruciate Ligament Reconstruction: A Prospective, Single-Blinded, Randomized Trial","Runner R.P., Boden S.A., Godfrey W.S., Premkumar A., Samady H., Gottschalk M.B., Xerogeanes J.W.",Orthopaedic Journal of Sports Medicine (2018) 6:9. Date of Publication: 1 Sep 2018,2018,10.1177/2325967118797990
72,https://www.embase.com/search/results?subaction=viewrecord&id=L2000770155&from=export,Strength recovery after anterior cruciate ligament reconstruction with quadriceps tendon versus hamstring tendon autografts in soccer players: A randomized controlled trial,"Martin-Alguacil J.L., Arroyo-Morales M., Martín-Gomez J.L., Monje-Cabrera I.M., Abellán-Guillén J.F., Esparza-Ros F., Lozano M.L., Cantarero-Villanueva I.",Knee (2018) 25:4 (704-714). Date of Publication: 1 Aug 2018,2018,10.1016/j.knee.2018.03.011
73,https://www.embase.com/search/results?subaction=viewrecord&id=L620339135&from=export,The effect of targeted exercise on knee-muscle function in patients with persistent hamstring deficiency following ACL reconstruction - study protocol for a randomized controlled trial,"Bregenhof B., Jørgensen U., Aagaard P., Nissen N., Creaby M.W., Thorlund J.B., Jensen C., Torfing T., Holsgaard-Larsen A.",Trials (2018) 19:1 Article Number: 75. Date of Publication: 26 Jan 2018,2018,10.1186/s13063-018-2448-3
74,https://www.embase.com/search/results?subaction=viewrecord&id=L622869866&from=export,Effects of preoperative isokinetic eccentric training and whey protein isolate supplement on quadriceps strength and knee function in patients with anterior cruciate ligament rupture,"Zhang X., Huang H., Yang J., Yu Y., Zhang D., Chang C.",Acta Academiae Medicinae Sinicae (2017) 39:6 (792-799). Date of Publication: 20 Dec 2017,2017,10.3881/j.issn.1000-503X.2017.06.010
75,https://www.embase.com/search/results?subaction=viewrecord&id=L618004586&from=export,Tunnel widening after single- versus double-bundle anterior cruciate ligament reconstruction: a randomized 8-year follow-up study,"Beyaz S., Güler Ü.Ö., Demir Ş., Yüksel S., Çınar B.M., Özkoç G., Akpınar S.",Archives of Orthopaedic and Trauma Surgery (2017) 137:11 (1547-1555). Date of Publication: 1 Nov 2017,2017,10.1007/s00402-017-2774-z
76,https://www.embase.com/search/results?subaction=viewrecord&id=L614533518&from=export,Report of the Clinical and Functional Primary Outcomes in Men of the ACL-SPORTS Trial: Similar Outcomes in Men Receiving Secondary Prevention With and Without Perturbation Training 1 and 2 Years After ACL Reconstruction,"Arundale A.J.H., Cummer K., Capin J.J., Zarzycki R., Snyder-Mackler L.",Clinical Orthopaedics and Related Research (2017) 475:10 (2523-2534). Date of Publication: 1 Oct 2017,2017,10.1007/s11999-017-5280-2
77,https://www.embase.com/search/results?subaction=viewrecord&id=L621047142&from=export,The effectiveness of Pilates for partial anterior cruciate ligament injury,"Çelik D., Turkel N.","Knee surgery, sports traumatology, arthroscopy : official journal of the ESSKA (2017) 25:8 (2357-2364). Date of Publication: 1 Aug 2017",2017,10.1007/s00167-015-3718-1
78,https://www.embase.com/search/results?subaction=viewrecord&id=LNCT04137250&from=export,Arthroscopic ACL Reconstruction: Hamstring Versus Quadriceps Tendon Autograft,,clinicaltrials.gov (2017). Date of Publication: 10 Mar 2017,2017,
79,https://www.embase.com/search/results?subaction=viewrecord&id=LNCT03073083&from=export,"Graft Selection in Anatomic Anterior Cruciate Ligament Reconstruction: Patella, Hamstrings or Quadriceps Tendon Autograft",,clinicaltrials.gov (2017). Date of Publication: 23 Feb 2017,2017,
80,https://www.embase.com/search/results?subaction=viewrecord&id=LNCT03047187&from=export,What is the Functional Status of Anterior Cruciate Ligament Reconstruction (ACLR) Patients at Discharge From Rehabilitation,,clinicaltrials.gov (2017). Date of Publication: 31 Jan 2017,2017,
81,https://www.embase.com/search/results?subaction=viewrecord&id=LNCT02939677&from=export,Can Targeted Exercise Improve Knee Strength in Patients With Persisting Hamstring Deficiency Following ACL-reconstruction? - A Randomized Controlled Trial,,clinicaltrials.gov (2016). Date of Publication: 4 Oct 2016,2016,
82,https://www.embase.com/search/results?subaction=viewrecord&id=L615995431&from=export,Low- Versus High-Intensity Plyometric Exercise During Rehabilitation After Anterior Cruciate Ligament Reconstruction,"Chmielewski T.L., George S.Z., Tillman S.M., Moser M.W., Lentz T.A., Indelicato P.A., Trumble T.N., Shuster J.J., Cicuttini F.M., Leeuwenburgh C.",The American journal of sports medicine (2016) 44:3 (609-617). Date of Publication: 1 Mar 2016,2016,10.1177/0363546515620583
83,https://www.embase.com/search/results?subaction=viewrecord&id=L615179745&from=export,The curative efficacy of arthroscopic therapy in treating anterior cruciate ligament rupture with secondary osteoarthritis,"Ouyang X., Hong S.D., Xin F., Wang L., Yang X.W., Wang J.R., Wang Q., Cui W.D., Zhang A.J., Zhao Z.X.",European Review for Medical and Pharmacological Sciences (2016) 20:2 (214-219). Date of Publication: 2016,2016,
84,https://www.embase.com/search/results?subaction=viewrecord&id=L603592357&from=export,A comparison of acute and chronic anterior cruciate ligament reconstruction using LARS artificial ligaments: A randomized prospective study with a 5-year follow-up,"Chen J., Gu A., Jiang H., Zhang W., Yu X.",Archives of Orthopaedic and Trauma Surgery (2015) 135:1 (95-102). Date of Publication: 9 Nov 2015,2015,10.1007/s00402-014-2108-3
85,https://www.embase.com/search/results?subaction=viewrecord&id=LNCT02310854&from=export,Acute Anterior Cruciate Ligament Rupture; RecOnsTruction Or Repair?,,clinicaltrials.gov (2014). Date of Publication: 1 Dec 2014,2014,
86,https://www.embase.com/search/results?subaction=viewrecord&id=L53053519&from=export,Is quadriceps tendon a better graft choice than patellar tendon? A prospective randomized study,"Lund B., Nielsen T., Faunø P., Christiansen S.E., Lind M.",Arthroscopy - Journal of Arthroscopic and Related Surgery (2014) 30:5 (593-598). Date of Publication: May 2014,2014,10.1016/j.arthro.2014.01.012
87,https://www.embase.com/search/results?subaction=viewrecord&id=L611784198&from=export,Do the patients really need concentrated and/or accelerated rehabilitation program after ACL surgery? A new lightened rehabilitation program: A prospective - Double blind - Randomized- controlled study,"Kaya D., Turhan E., Dönmez G., Doral M.N.",Orthopaedic Journal of Sports Medicine (2014) 2:11 Supplement 3. Date of Publication: 2014,2014,10.1177/2325967114S00274
88,https://www.embase.com/search/results?subaction=viewrecord&id=L563021956&from=export,Open kinetic chain exercises in a restricted range of motion after anterior cruciate ligament reconstruction: a randomized controlled clinical trial.,"Fukuda T.Y., Fingerhut D., Moreira V.C., Camarini P.M., Scodeller N.F., Duarte Jr. A., Martinelli M., Bryk F.F.",The American journal of sports medicine (2013) 41:4 (788-794). Date of Publication: Apr 2013,2013,
89,https://www.embase.com/search/results?subaction=viewrecord&id=L609092012&from=export,Open kinetic chain exercises in a restricted range of motion after anterior cruciate ligament reconstruction: a randomized controlled clinical trial,"Fukuda T.Y., Fingerhut D., Moreira V.C., Camarini P.M., Scodeller N.F., Duarte A., Martinelli M., Bryk F.F.",The American journal of sports medicine (2013) 41:4 (788-794). Date of Publication: 1 Apr 2013,2013,10.1177/0363546513476482
90,https://www.embase.com/search/results?subaction=viewrecord&id=L361621574&from=export,Anterior cruciate ligament reconstruction using patellar tendon versus hamstring tendon: A prospective comparative study with 9-year follow-up,"Wipfler B., Donner S., Zechmann C.M., Springer J., Siebold R., Paessler H.H.",Arthroscopy - Journal of Arthroscopic and Related Surgery (2011) 27:5 (653-665). Date of Publication: May 2011,2011,10.1016/j.arthro.2011.01.015
91,https://www.embase.com/search/results?subaction=viewrecord&id=LNCT01170546&from=export,Effects of Hamstring Training in Different Modes on Stabilizing Knee Joints With Anterior Drawer Laxity,,clinicaltrials.gov (2010). Date of Publication: 23 Jul 2010,2010,
92,https://www.embase.com/search/results?subaction=viewrecord&id=L358986106&from=export,Early versus late start of isokinetic hamstring-strengthening exercise after anterior cruciate ligament reconstruction with patellar tendon graft.,"Sekir U., Gur H., Akova B.",The American journal of sports medicine (2010) 38:3 (492-500). Date of Publication: Mar 2010,2010,
93,https://www.embase.com/search/results?subaction=viewrecord&id=L358207314&from=export,Tibial translation and muscle activation during rehabilitation exercises 5 weeks after anterior cruciate ligament reconstruction,"Tagesson S., Öberg B., Kvist J.",Scandinavian Journal of Medicine and Science in Sports (2010) 20:1 (154-164). Date of Publication: February 2010,2010,10.1111/j.1600-0838.2009.00903.x
94,https://www.embase.com/search/results?subaction=viewrecord&id=LNCT00696319&from=export,Dynamic Stability of the ACL Deficient Knee - a Prospective Cohort Study,,clinicaltrials.gov (2008). Date of Publication: 9 Jun 2008,2008,
95,https://www.embase.com/search/results?subaction=viewrecord&id=L351132377&from=export,A comprehensive rehabilitation program with quadriceps strengthening in closed versus open kinetic chain exercise in patients with anterior cruciate ligament deficiency: A randomized clinical trial evaluating dynamic tibial translation and muscle function,"Tagesson S., Öberg B., Good L., Kvist J.",American Journal of Sports Medicine (2008) 36:2 (298-307). Date of Publication: February 2008,2008,10.1177/0363546507307867
96,https://www.embase.com/search/results?subaction=viewrecord&id=L46537522&from=export,Early versus late start of open kinetic chain quadriceps exercises after ACL reconstruction with patellar tendon or hamstring grafts: A prospective randomized outcome study,"Heijne A., Werner S.","Knee Surgery, Sports Traumatology, Arthroscopy (2007) 15:4 (402-414). Date of Publication: April 2007",2007,10.1007/s00167-006-0246-z
97,https://www.embase.com/search/results?subaction=viewrecord&id=L44249535&from=export,Effects of traditional Chinese medicine and rehabilitation training on knee joint function after anterior cruciate ligament reconstruction in arthroscopy,"Liang Y., Zhang S.-M., Hu Y., Zhang H.-W., Yuan R.-X.",Chinese Journal of Clinical Rehabilitation (2006) 10:27 (6-10). Date of Publication: 20 Jul 2006,2006,
98,https://www.embase.com/search/results?subaction=viewrecord&id=L37173977&from=export,Patellar tendon-bone autograft reconstruction of the anterior cruciate ligament for advanced-stage chronic anterior laxity: Is an extra-articular plasty necessary? A prospective randomized study of 100 patients with five year follow-up,"Acquitter Y., Hulet C., Locker B., Delbarre J.-C., Jambou S., Vielpeau C.",Revue de Chirurgie Orthopedique et Reparatrice de l'Appareil Moteur (2003) 89:5 (413-422). Date of Publication: September 2003,2003,
99,https://www.embase.com/search/results?subaction=viewrecord&id=L36621968&from=export,Outcome after reconstruction of the anterior cruciate ligament in athletic patients,"Meighan A.A.S., Keating J.F., Will E.",Journal of Bone and Joint Surgery - Series B (2003) 85:4 (521-524). Date of Publication: May 2003,2003,10.1302/0301-620X.85B4.13743
100,https://www.embase.com/search/results?subaction=viewrecord&id=L34516819&from=export,Electromyostimulation under early functional rehabilitation after replacement of the anterior cruciate ligament,"Staub A., Ullmann P., Winker K.H.",Aktuelle Traumatologie (2002) 32:2 (65-72). Date of Publication: 2002,2002,10.1055/s-2002-25750
101,https://www.embase.com/search/results?subaction=viewrecord&id=L35615671&from=export,Range of motion training in brace vs. plaster immobilization after anterior cruciate ligament reconstruction: a prospective randomized comparison with a 2-year follow-up.,"Henriksson M., Rockborn P., Good L.",Scandinavian journal of medicine & science in sports (2002) 12:2 (73-80). Date of Publication: Apr 2002,2002,
102,https://www.embase.com/search/results?subaction=viewrecord&id=L33540224&from=export,Early post-operative morbidity following anterior cruciate ligament reconstruction: patellar tendon versus hamstring graft.,"Feller J.A., Webster K.E., Gavin B.","Knee surgery, sports traumatology, arthroscopy : official journal of the ESSKA (2001) 9:5 (260-266). Date of Publication: Sep 2001",2001,
103,https://www.embase.com/search/results?subaction=viewrecord&id=L33421621&from=export,Closed kinetic chain alone compared to combined open and closed kinetic chain exercises for quadriceps strengthening after anterior cruciate ligament reconstruction with respect to return to sports: a prospective matched follow-up study.,"Mikkelsen C., Werner S., Eriksson E.","Knee surgery, sports traumatology, arthroscopy : official journal of the ESSKA (2000) 8:6 (337-342). Date of Publication: 2000",2000,
104,https://www.embase.com/search/results?subaction=viewrecord&id=L127257411&from=export,Use of an extension-assisting brace following anterior cruciate ligament reconstruction.,"Feller J., Bartlett J., Chapman S., Delahunt M.","Knee surgery, sports traumatology, arthroscopy : official journal of the ESSKA (1997) 5:1 (6-9). Date of Publication: 1997",1997,
105,https://www.embase.com/search/results?subaction=viewrecord&id=L26394161&from=export,"The effect of tourniquet use in anterior cruciate ligament reconstruction: A prospective, randomized study","Arciero R.A., Scoville C.R., Hayda R.A., Snyder R.J.",American Journal of Sports Medicine (1996) 24:6 (758-764). Date of Publication: November/December 1996,1996,10.1177/036354659602400610
106,https://www.embase.com/search/results?subaction=viewrecord&id=L24245113&from=export,Comparison of the effects of exercise in water and on land on the rehabilitation of patients with intra-articular anterior cruciate ligament reconstructions,"Tovin B.J., Wolf S.L., Greenfield B.H., Crouse J., Woodfin B.A.",Physical Therapy (1994) 74:8 (710-719). Date of Publication: 1994,1994,10.1093/ptj/74.8.710
107,https://www.embase.com/search/results?subaction=viewrecord&id=L16231321&from=export,Derotation brace and knee function in patients with anterior cruciate ligament tears,"Tegner Y., Lysholm J.",Arthroscopy (1985) 1:4 (264-267). Date of Publication: 1985,1985,10.1016/S0749-8063(85)80095-5
108,https://www.embase.com/search/results?subaction=viewrecord&id=L16248247&from=export,Surgical or conservative treatment of the acutely torn anterior cruciate ligament. A randomized study with short-term follow-up observations,"Odensten M., Hamberg P., Nordin M., Lysholm J., Gillquist J.",Clinical Orthopaedics and Related Research (1985) 198 (87-93). Date of Publication: 1985,1985,
0,WOS:000334337700014,Is Quadriceps Tendon a Better Graft Choice Than Patellar Tendon? A Prospective Randomized Study,"Lund, B; Nielsen, T; Fauno, P; Christiansen, SE; Lind, M",ARTHROSCOPY-THE JOURNAL OF ARTHROSCOPIC AND RELATED SURGERY,2014,10.1016/j.arthro.2014.01.012
1,WOS:000489090200019,Safety and feasibility of using calcium phosphate hybridization method for quadriceps tendon-bone graft in anterior cruciate ligament reconstruction,"Mutsuzaki, H; Kinugasa, T; Sakane, M",JOURNAL OF ORTHOPAEDICS,2019,10.1016/j.jor.2019.04.004
2,WOS:000648820300003,Anatomic single vs. double-bundle ACL reconstruction: a randomized clinical trial-Part 1: clinical outcomes,"Irrgang, JJ; Tashman, S; Patterson, CG; Musahl, V; West, R; Oostdyk, A; Galvin, B; Poploski, K; Fu, FH",KNEE SURGERY SPORTS TRAUMATOLOGY ARTHROSCOPY,2021,10.1007/s00167-021-06585-w
3,WOS:000786385500001,Unilateral Versus Bilateral Resistance Exercise in Postoperative Rehabilitation After ACL Reconstruction With Bone-Patellar Tendon-Bone Graft: A Randomized Controlled Trial,"Oliveira, M; Lobo, P Jr; Imoto, AM; Santos, T; Borges, JHS; Nunes, P; Barin, FR; Damando, M; Peccin, MS",ORTHOPAEDIC JOURNAL OF SPORTS MEDICINE,2022,10.1177/23259671221088830
4,WOS:000440771700025,Strength recovery after anterior cruciate ligament reconstruction with quadriceps tendon versus hamstring tendon autografts in soccer players: A randomized controlled trial,"Martin-Alguacil, JL; Arroyo-Morales, M; Martin-Gomez, JL; Monje-Cabrera, IM; Abellan-Guillen, JF; Esparza-Ros, F; Lozano, ML; Cantarero-Villanueva, I",KNEE,2018,10.1016/j.knee.2018.03.011
5,WOS:000927920400001,"Range of Motion, Strength, and Function After ACL Reconstruction Using a Contralateral Patellar Tendon Graft","Shelbourne, KD; Benner, R; Gray, T; Bauman, S",ORTHOPAEDIC JOURNAL OF SPORTS MEDICINE,2022,10.1177/23259671221138103
6,WOS:000382106000020,A new technique in double-bundle anterior cruciate ligament reconstruction with implant-free tibial fixation,"Sacramento, SN; Magalhaes, E; Christel, P; Ingham, S; Fukuda, TY",KNEE SURGERY SPORTS TRAUMATOLOGY ARTHROSCOPY,2016,10.1007/s00167-014-3430-6
7,WOS:000794217000006,Conventional versus 'all-inside' anterior cruciate ligament reconstruction: a randomized controlled trial comparing hamstring strength and functional outcome,"Ashraf, Y; Senevirathna, SR; Ashraf, T",BONE & JOINT OPEN,2020,10.1302/2633-1462.111.BJO-2020.0012.R1
8,WOS:000890661700080,COMPARISON OF QUADRICEPS AND HAMSTRING MUSCLE STRENGTH AFTER EXERCISES WITH AND WITHOUT BLOOD FLOW RESTRICTION FOLLOWING ANTERIOR CRUCIATE LIGAMENT SURGERY: A RANDOMIZED CONTROLLED TRIAL,"DE Melo, RFV; Komatsu, WR; DE Freitas, MS; DE Melo, MEV; Cohen, M",JOURNAL OF REHABILITATION MEDICINE,2022,10.2340/jrm.v54.2550
9,WOS:000274803800008,Early Versus Late Start of Isokinetic Hamstring-Strengthening Exercise After Anterior Cruciate Ligament Reconstruction With Patellar Tendon Graft,"Sekir, U; Gur, H; Akova, B",AMERICAN JOURNAL OF SPORTS MEDICINE,2010,10.1177/0363546509349490
10,WOS:000596394800012,Anterior cruciate ligament injuries treated with quadriceps tendon autograft versus hamstring autograft: A randomized controlled trial,"Vilchez-Cavazos, F; DÃ¡vila-MartÃ­nez, A; de la Garza-Castro, S; Simental-MendÃ­a, M; Garay-Mendoza, D; Tamez-Mata, Y; PeÃ±a-MartÃ­nez, V; Acosta-Olivo, C",CIRUGIA Y CIRUJANOS,2020,10.24875/CIRU.19001001
11,WOS:000531099000013,IMPACT OF WHEY PROTEIN ISOLATE AND ECCENTRIC TRAINING ON QUADRICEPS MASS AND STRENGTH IN PATIENTS WITH ANTERIOR CRUCIATE LIGAMENT RUPTURE: A RANDOMIZED CONTROLLED TRIAL,"Zhang, XY; Huang, HS; Yu, YY; Yang, L; Liang, ZX; Chang, CQ",JOURNAL OF REHABILITATION MEDICINE,2020,10.2340/16501977-2664
12,WOS:000247948500003,Preliminary effects of hyaluronic acid on early rehabilitation of patients with isolated anterior cruciate ligament reconstruction,"Huang, MH; Yang, RC; Chou, PH",CLINICAL JOURNAL OF SPORT MEDICINE,2007,10.1097/JSM.0b013e31812570fa
13,WOS:000789157400001,Acute Anterior Cruciate Ligament Rupture: Repair or Reconstruction? Five-Year Results of a Randomized Controlled Clinical Trial,"Hoogeslag, RAG; In 't Veld, RH; Brouwer, RW; de Graaff, F; Verdonschot, N",AMERICAN JOURNAL OF SPORTS MEDICINE,2022,10.1177/03635465221090527
14,WOS:000963029200001,"Current trends in graft choice for primary anterior cruciate ligament reconstruction - part II: In-vivo kinematics, patient reported outcomes, re-rupture rates, strength recovery, return to sports and complications","Runer, A; Keeling, L; Wagala, N; Nugraha, H; Ãzbek, EA; Hughes, JD; Musahl, V",JOURNAL OF EXPERIMENTAL ORTHOPAEDICS,2023,10.1186/s40634-023-00601-3
15,WOS:001607990800001,Prehabilitation enhances functional and structural recovery following anterior cruciate ligament reconstruction: A randomized controlled trial,"Fu, YP; Tian, Y; Zhao, ZW; Li, Z",KNEE SURGERY SPORTS TRAUMATOLOGY ARTHROSCOPY,2025,10.1002/ksa.70170
16,WOS:000392918400007,"Kinesio taping as a treatment method in the acute phase of ACL reconstruction: A double-blind, placebo-controlled study","Balki, S; GÃ¶ktas, HE; Ãztemur, Z",ACTA ORTHOPAEDICA ET TRAUMATOLOGICA TURCICA,2016,10.1016/j.aott.2016.03.005
17,WOS:000291204200022,"The Effectiveness of Supplementing a Standard Rehabilitation Program With Superimposed Neuromuscular Electrical Stimulation After Anterior Cruciate Ligament Reconstruction A Prospective, Randomized, Single-Blind Study","Feil, S; Newell, J; Minogue, C; Paessler, HH",AMERICAN JOURNAL OF SPORTS MEDICINE,2011,10.1177/0363546510396180
18,WOS:001313541800001,"In the medium term, more than half of males report kinesiophobia after anterior cruciate ligament reconstruction","Rips, L; Koovit, T; Luik, M; Saar, H; Kuik, R; Kartus, JT; Rahu, M",JOURNAL OF ISAKOS JOINT DISORDERS & ORTHOPAEDIC SPORTS MEDICINE,2024,10.1016/j.jisako.2024.100309
19,WOS:001576096200009,Which technique provides more benefits in return to sports and clinical outcomes after anterior cruciate ligament reconstruction: Double-bundle or single-bundle? A randomized controlled study,"Wang, XJ; Xu, ZJ; Song, ST; Mao, ZM; Huang, XM; Luo, M; Zhou, X; Xu, BB; Ye, J; Song, YF; Yu, JK",CHINESE MEDICAL JOURNAL,2025,10.1097/CM9.0000000000003267
20,WOS:000793732300005,Is contralateral autogenous patellar tendon graft a better choice than ipsilateral for anterior cruciate ligament reconstruction in young sportsmen? A randomized controlled trial,"Borges, JHD; Oliveira, M; Lobo, P; Machado, RD; Lima, R; Ramos, LA; Cohen, M",KNEE,2022,10.1016/j.knee.2022.03.015
21,WOS:000518056700003,Effects of Autograft Types on Muscle Strength and Functional Capacity in Patients Having Anterior Cruciate Ligament Reconstruction: A Randomized Controlled Trial,"Sinding, KS; Nielsen, TG; Hvid, LG; Lind, M; Dalgas, U",SPORTS MEDICINE,2020,10.1007/s40279-020-01276-x
22,WOS:000577240100007,Isokinetic eccentric training is more effective than constant load eccentric training for quadriceps rehabilitation following anterior cruciate ligament reconstruction: a randomized controlled trial,"Vidmar, MF; Baroni, BM; Michelin, AF; Mezzomo, M; Lugokenski, R; Pimentel, GL; Silva, MF",BRAZILIAN JOURNAL OF PHYSICAL THERAPY,2020,10.1016/j.bjpt.2019.07.003
23,WOS:000326453500005,Ipsilateral Versus Contralateral Hamstring Grafts in Anterior Cruciate Ligament Reconstruction A Prospective Randomized Trial,"McRae, S; Leiter, J; McCormack, R; Old, J; MacDonald, P",AMERICAN JOURNAL OF SPORTS MEDICINE,2013,10.1177/0363546513499140
24,WOS:000783073800003,"Effect of water-based walking exercise on rehabilitation of patients following ACL reconstruction: a prospective, randomised, single-blind clinical trial","Li, DS; Zhang, Q; Liu, XG; Chen, C; Lu, JN; Ye, DM; Li, YJ; Wang, W; Shen, M",PHYSIOTHERAPY,2022,10.1016/j.physio.2021.11.003
25,WOS:000681303900001,Immediate and 6-week effects of wearing a knee sleeve following anterior cruciate ligament reconstruction: a cross-over laboratory and randomised clinical trial,"Sole, G; Lamb, P; Pataky, T; Klima, S; Navarre, P; Hammer, N",BMC MUSCULOSKELETAL DISORDERS,2021,10.1186/s12891-021-04540-x
26,WOS:000460360900010,Cross-education improves quadriceps strength recovery after ACL reconstruction: a randomized controlled trial,"Harput, G; Ulusoy, B; Yildiz, TI; Demirci, S; Eraslan, L; Turhan, E; Tunay, VB",KNEE SURGERY SPORTS TRAUMATOLOGY ARTHROSCOPY,2019,10.1007/s00167-018-5040-1
27,WOS:000423321100005,The effect of targeted exercise on knee-muscle function in patients with persistent hamstring deficiency following ACL reconstruction - study protocol for a randomized controlled trial,"Bregenhof, B; Jorgensen, U; Aagaard, P; Nissen, N; Creaby, MW; Thorlund, JB; Jensen, C; Torfing, T; Holsgaard-Larsen, A",TRIALS,2018,10.1186/s13063-018-2448-3
28,WOS:000371658300010,Low- Versus High-Intensity Plyometric Exercise During Rehabilitation After Anterior Cruciate Ligament Reconstruction,"Chmielewski, TL; George, SZ; Tillman, SM; Moser, MW; Lentz, TA; Indelicato, PA; Trumble, TN; Shuster, JJ; Cicuttini, FM; Leeuwenburgh, C",AMERICAN JOURNAL OF SPORTS MEDICINE,2016,10.1177/0363546515620583
29,WOS:001333730600001,"Effectiveness of In-Home, Augmented Reality-Based Telerehabilitation After Anterior Cruciate Ligament Reconstruction: A Randomized Controlled Trial","Lim, JY; Yu, HJ; Kim, SH; Lee, JI; Lim, JY; Wang, JH; Hwang, JH",ORTHOPAEDIC JOURNAL OF SPORTS MEDICINE,2024,10.1177/23259671241271729
30,WOS:001558467900001,Five Weeks of Whole-body Vibration in Prehabilitation for Knee Function Following Anterior Cruciate Ligament Reconstruction: A Single-blinded Randomized Controlled Trial,"Qiu, J; Ong, MTY; Choi, CY; Cao, MD; Ko, VMC; He, X; Fu, SC; Fong, DTP; Yung, PSH",SPORTS MEDICINE-OPEN,2025,10.1186/s40798-025-00901-1
31,WOS:000346111900002,Self-Reported Knee Function Can Identify Athletes Who Fail Return-to-Activity Criteria up to 1 Year After Anterior Cruciate Ligament Reconstruction: A Delaware-Oslo ACL Cohort Study,"Logerstedt, D; Di Stasi, S; Grindem, H; Lynch, A; Eitzen, I; Engebretsen, L; Risberg, MA; Axe, MJ; Snyder-Mackler, L",JOURNAL OF ORTHOPAEDIC & SPORTS PHYSICAL THERAPY,2014,10.2519/jospt.2014.4852
32,WOS:000365182900007,What Can the First 2 Months Tell Us About Outcomes After Anterior Cruciate Ligament Reconstruction?,"Christensen, JC; Goldfine, LR; Barker, T; Collingridge, DS",JOURNAL OF ATHLETIC TRAINING,2015,10.4085/1062-6050-49.3.95
33,WOS:000252663900010,A comprehensive rehabilitation program with quadriceps strengthening in closed versus open kinetic chain exercise in patients with anterior cruciate ligament deficiency,"Tagesson, S; Ãberg, B; Good, L; Kvist, J",AMERICAN JOURNAL OF SPORTS MEDICINE,2008,10.1177/0363546507307867
34,WOS:000721881600010,Quadriceps muscle strength recovery with the use of high tone power therapy after anterior cruciate ligament reconstruction: a randomized controlled trial,"Ogrodzka-Ciechanowicz, K; Glab, G; Slusarski, J; Gadek, A",BMC MUSCULOSKELETAL DISORDERS,2021,10.1186/s12891-021-04862-w
35,WOS:000318295500018,Open Kinetic Chain Exercises in a Restricted Range of Motion After Anterior Cruciate Ligament Reconstruction A Randomized Controlled Clinical Trial,"Fukuda, TY; Fingerhut, D; Moreira, VC; Camarini, PMF; Scodeller, NF; Duarte, A; Martinelli, M; Bryk, FF",AMERICAN JOURNAL OF SPORTS MEDICINE,2013,10.1177/0363546513476482
36,WOS:001032031200001,A prospective randomized controlled study of hamstring and bone-free quadriceps tendons autografts in arthroscopic ACL reconstruction,"Tang, N; Eren, M; Gurpinar, T; Ozturkmen, Y",EUROPEAN JOURNAL OF ORTHOPAEDIC SURGERY AND TRAUMATOLOGY,2024,10.1007/s00590-023-03636-5
